codigo;grupo;descripcion;unidad;precio_actual;moneda;estado;partidas_que_lo_usan;peso_en_catalogo_usd;precio_nuevo;notas
MT-CONC-250;materiales;Concreto premezclado de resistencia 250 kg/cm2, puesto en obra.;m3;118.0000;USD;verificado-mercado;66;3495.75;;
MT-VIDRIO-TEMP;materiales;Vidrio templado de seguridad de 10 mm, con cantos pulidos y perforaciones.;m2;68.0000;USD;verificado-mercado;35;2388.16;;
MQ-GRUA;maquinaria;Camión grúa o grúa móvil con operador, para izado y montaje de elementos estructurales.;h;48.0000;USD;provisional;40;2365.68;;
MT-CONC-210;materiales;Concreto premezclado de resistencia 210 kg/cm2, puesto en obra.;m3;108.0000;USD;verificado-mercado;106;2214.97;;
MT-PERFIL-ALUM;materiales;Perfil de aluminio para carpintería de ventanas y puertas, con sus accesorios.;kg;9.5000;USD;verificado-mercado;74;2095.22;;
MT-MELAMINA;materiales;Tablero de melamina de 18 mm con cantos aplicados, para closets y muebles.;m2;19.0000;USD;verificado-mercado;51;1811.46;;
MT-HERRAJE-CLOSET;materiales;Herraje de closet: bisagra, tirador, soporte de entrepaño y tornillería.;ud;4.5000;USD;verificado-mercado;47;1455.75;;
MT-TUB-FRIGO;materiales;Par de tuberías frigoríficas de cobre aisladas, con cable de interconexión.;m;11.0000;USD;verificado-mercado;34;1441.55;;
MT-ACERO-INOX;materiales;Tubo y accesorios de acero inoxidable para barandas y pasamanos.;kg;14.0000;USD;verificado-mercado;17;1405.60;;
MT-PERFIL-ACERO;materiales;Perfil estructural de acero laminado, suministrado cortado a medida.;kg;1.9500;USD;verificado-mercado;79;1296.85;;
MT-PERNO-ANCLA;materiales;Perno de anclaje de acero con tuerca y arandela, para fijación de placa base.;ud;2.2000;USD;verificado-mercado;148;1113.64;;
MT-MARCO-PUERTA;materiales;Marco de puerta de madera o metálico, con sus topes y anclajes.;m;7.0000;USD;verificado-mercado;30;1100.40;;
MT-TUBO-ACERO;materiales;Tubo estructural de acero para herrería de rejas, portones y barandas.;kg;1.9500;USD;verificado-mercado;36;980.65;;
MQ-MART-NEUM;maquinaria;Martillo neumático con compresor de aire, para demolición de concreto y pisos de alta dureza.;h;12.0000;USD;provisional;45;905.40;;
MT-SILICONA-EST;materiales;Silicona estructural o neutra para acristalamiento y sellado de carpintería.;l;48.0000;USD;verificado-mercado;96;834.24;;
MT-CERRADURA;materiales;Cerradura de embutir con manija y cilindro.;ud;32.0000;USD;verificado-mercado;25;744.00;;
MT-MADERA-EST;materiales;Madera estructural aserrada y cepillada, de escuadría según proyecto.;m3;285.0000;USD;verificado-mercado;17;732.16;;
MT-RIEL-CORRED;materiales;Riel superior e inferior con carros para puerta corrediza.;m;14.0000;USD;verificado-mercado;17;677.60;;
MT-SOPORTE-AC;materiales;Soporte metálico galvanizado para unidad condensadora, con sus anclajes.;ud;16.0000;USD;provisional;36;624.00;;
MT-EPOXI-ANCLA;materiales;Resina epóxica bicomponente para anclaje químico de barras y para inyección de fisuras.;l;95.0000;USD;verificado-mercado;27;573.33;;
MT-TABIQUE-MOVIL;materiales;Sistema de tabique móvil o plegable, con paneles, riel y herrajes.;m2;135.0000;USD;provisional;4;564.30;;
MT-VALV-CHECK;materiales;Válvula de retención y válvula de compuerta para instalación de bombeo.;ud;14.0000;USD;verificado-mercado;38;554.40;;
MT-PYL-PLACA125;materiales;Placa de yeso laminado estándar de 12,5 mm de espesor, borde afinado.;m2;6.4000;USD;verificado-mercado;68;541.95;;
MT-HERRAJE-PUERTA;materiales;Juego de bisagras, topes y herrajes de colgar para puerta.;ud;13.0000;USD;verificado-mercado;44;538.20;;
MT-DUCTO-VENT;materiales;Ducto de ventilación flexible o de lámina galvanizada, con sus accesorios.;m;6.5000;USD;verificado-mercado;41;522.01;;
MT-MADERA-LISTON;materiales;Listón de madera de obra para bastidores, marcos de cerramiento provisional y rastreles.;m;1.9500;USD;verificado-mercado;91;511.68;;
MT-MORT-REP-EST;materiales;Mortero tixotrópico de reparación estructural, de retracción compensada y con inhibidor de corrosión.;kg;2.4000;USD;verificado-mercado;31;478.80;;
MT-VIDRIO-6;materiales;Vidrio flotado incoloro de 6 mm.;m2;20.0000;USD;verificado-mercado;23;460.40;;
MT-ACERO-CAB;materiales;Acero de refuerzo en cabillas corrugadas, límite elástico 4.200 kg/cm2, cortado y doblado.;kg;1.2000;USD;verificado-mercado;106;457.07;;
MT-VIDRIO-DOBLE;materiales;Doble acristalamiento con cámara de aire, para aislamiento térmico y acústico.;m2;55.0000;USD;provisional;8;455.95;;
MT-CERRADURA-MULTI;materiales;Cerradura multipunto de seguridad con cilindro y cerraderos, para puerta de acceso.;ud;45.0000;USD;verificado-mercado;9;405.00;;
MT-FORM-MADERA;materiales;Encofrado de madera con sus puntales y arriostramientos, amortizado por número de usos.;m2;5.4000;USD;verificado-mercado;73;381.51;;
MQ-RETRO;maquinaria;Retroexcavadora o minicargadora con martillo hidráulico y operador.;h;35.0000;USD;provisional;63;363.37;;
MT-POLIUR-LIQ;materiales;Membrana líquida de poliuretano de alta elasticidad y resistencia a la intemperie.;kg;10.5000;USD;verificado-mercado;25;361.20;;
MT-CASETA-BIEN;materiales;Adecuación de zona de vestuario y comedor de obra, con mobiliario básico.;ud;120.0000;USD;provisional;3;360.00;;
MT-FIBRA-CARB;materiales;Tejido de fibra de carbono unidireccional con su resina de saturación, para refuerzo estructural.;m2;48.0000;USD;provisional;7;356.16;;
MT-REJILLA-VENT;materiales;Rejilla de ventilación con marco y malla antiinsectos.;ud;9.0000;USD;verificado-mercado;39;355.50;;
MQ-TALADRO;maquinaria;Taladro percutor con brocas, incluida amortización y consumo.;h;1.5000;USD;provisional;1025;353.40;;
MT-SENAL-OBRA;materiales;Señal de advertencia, cinta de peligro y conos de delimitación de obra.;ud;5.5000;USD;verificado-mercado;73;352.00;;
MT-ELE-PROV;materiales;Cable encauchetado para instalación eléctrica provisional de obra.;m;4.2000;USD;verificado-mercado;7;347.13;;
MT-BLQ-VIDRIO;materiales;Bloque de vidrio de 19x19x8 cm, con sus separadores y refuerzo de junta.;ud;6.9000;USD;verificado-mercado;2;345.00;;
MT-SELLA-ELAST;materiales;Sellador elástico de poliuretano para juntas de movimiento y encuentros.;l;32.0000;USD;verificado-mercado;77;335.36;;
MT-CONTENEDOR;materiales;Alquiler mensual de contenedor de escombro, incluido su retiro y vaciado.;ud;65.0000;USD;provisional;5;325.00;;
MT-REGUL-GAS;materiales;Regulador de presión, llave de corte y accesorios para instalación de gas.;ud;24.0000;USD;verificado-mercado;37;316.80;;
MT-PYL-MONT;materiales;Montante de acero galvanizado de 70 mm para estructura de tabique autoportante.;m;2.1000;USD;verificado-mercado;61;313.32;;
MT-VIDRIO-LAM;materiales;Vidrio laminado de seguridad con butiral, para acristalamiento de protección.;m2;42.0000;USD;provisional;8;299.46;;
MT-FLOTANTE;materiales;Válvula de flotante y accesorios de control de nivel para tanque de agua.;ud;9.5000;USD;verificado-mercado;31;294.50;;
MT-CABLE-COBRE-DESN;materiales;Cable de cobre desnudo de 35 mm2 para captación y bajante de protección contra rayos, con sus grapas de fijación.;m;4.5000;USD;verificado-mercado;23;290.70;;
MT-CONC-300;materiales;Concreto premezclado de resistencia 300 kg/cm2, puesto en obra.;m3;132.0000;USD;verificado-mercado;3;281.16;;
MT-TUB-GAS;materiales;Tubería de cobre o acero para instalación de gas doméstico, con sus accesorios.;m;6.4000;USD;verificado-mercado;37;271.04;;
MT-POLICARB;materiales;Lámina de policarbonato alveolar translúcida, con sus perfiles de unión.;m2;18.5000;USD;verificado-mercado;14;265.66;;
MT-ESPEJO;materiales;Espejo de 4 mm con canto pulido y respaldo protegido.;m2;32.0000;USD;verificado-mercado;9;265.60;;
MT-POLIESTIRENO-EXT;materiales;Panel de poliestireno extruido (XPS) para aislamiento térmico de cubiertas, muros y pisos.;m2;7.5000;USD;provisional;33;234.75;;
MT-PERSIANA-ALU;materiales;Persiana enrollable de aluminio con su cajón y cinta o motor, para protección solar y oscurecimiento.;m2;55.0000;USD;provisional;4;231.00;;
MT-CABLE-ALARMA;materiales;Cable multipar apantallado para sistemas de alarma y control.;m;0.5000;USD;verificado-mercado;70;227.50;;
MT-CELOSIA;materiales;Celosía o romanilla de aluminio para ventilación, con su marco.;m2;26.0000;USD;provisional;10;224.90;;
MT-PLACA-FACHADA;materiales;Panel de fachada ventilada (composite de aluminio, fibrocemento o cerámico extruido), con sus fijaciones ocultas.;m2;42.0000;USD;provisional;5;220.50;;
MT-DOMO;materiales;Domo o claraboya de policarbonato o acrílico con su zócalo y herrajes.;ud;72.0000;USD;verificado-mercado;4;219.60;;
MT-BREAKER;materiales;Interruptor termomagnético monopolar o bipolar para protección de circuito.;ud;7.5000;USD;verificado-mercado;18;217.50;;
MT-CABLE-8;materiales;Conductor de cobre THW calibre 8 AWG para acometidas y circuitos de fuerza.;m;1.4500;USD;verificado-mercado;19;215.18;;
MT-PIEDRA-PIC;materiales;Piedra picada de granulometría corriente, puesta en obra, para bases y drenajes.;m3;28.0000;USD;verificado-mercado;10;212.52;;
MT-ELE-CABLE;materiales;Conductor de cobre THW calibre 12 AWG, aislamiento 600 V.;m;0.6000;USD;verificado-mercado;103;211.56;;
MT-PUENTE-ADH;materiales;Puente de adherencia epóxico entre concreto endurecido y concreto o mortero nuevo.;l;20.0000;USD;verificado-mercado;76;210.00;;
MT-TOMA-DATOS;materiales;Toma de datos o televisión con su placa y conector.;ud;6.5000;USD;provisional;32;208.00;;
MT-MORT-IMPER;materiales;Mortero impermeabilizante cementoso bicomponente, flexible, para áreas húmedas bajo enchapado.;kg;1.2500;USD;verificado-mercado;39;202.75;;
MT-TOLDO;materiales;Toldo extensible de lona con brazos y soportes, para protección solar en fachadas.;m2;48.0000;USD;provisional;4;201.60;;
MT-LAMINA-OSB;materiales;Lámina de madera contrachapada u OSB para cerramiento provisional de vanos y protecciones rígidas.;m2;10.5000;USD;verificado-mercado;11;201.07;;
MT-GABINETE-MANG;materiales;Gabinete contra incendios con manguera, válvula y boquilla.;ud;200.0000;USD;verificado-mercado;1;200.00;;
MT-ELE-CAJA;materiales;Caja de paso o de mecanismo, metálica o de PVC, para empotrar.;ud;1.1000;USD;verificado-mercado;177;199.76;;
MT-MAMPARA-OFI;materiales;Sistema de mampara divisoria de oficina, con perfilería, paneles y juntas.;m2;48.0000;USD;provisional;4;199.20;;
MT-MALLA-ELEC;materiales;Malla electrosoldada de acero para refuerzo de losas y pisos.;m2;4.6000;USD;verificado-mercado;45;189.20;;
MT-PLO-SOP;materiales;Abrazaderas, soportes y tacos de fijación para tubería.;ud;0.4500;USD;provisional;169;186.97;;
MT-SIL-SAN;materiales;Cartucho de silicona sanitaria antihongos para sellado de aparatos.;ud;12.0000;USD;verificado-mercado;55;177.36;;
MT-EPOXI-PISO;materiales;Resina epóxica bicomponente autonivelante para piso continuo, con su imprimación.;kg;15.0000;USD;verificado-mercado;13;174.75;;
MT-VIDRIO-ARENA;materiales;Vidrio arenado o esmerilado para privacidad en mamparas y divisiones.;m2;28.0000;USD;provisional;6;171.92;;
MT-PLACA-CEM;materiales;Placa de cemento reforzada con fibra, apta para áreas húmedas y exteriores.;m2;9.2000;USD;provisional;17;166.70;;
MT-BLQ-15;materiales;Bloque de concreto hueco de 15x20x40 cm.;ud;0.6200;USD;verificado-mercado;22;166.35;;
MT-EPP;materiales;Dotación de equipo de protección individual por trabajador: casco, botas, guantes, lentes y chaleco.;ud;42.0000;USD;verificado-mercado;7;165.90;;
MQ-BANO-PORT;maquinaria;Alquiler mensual de baño portátil de obra, incluido su mantenimiento y vaciado periódico.;ud;55.0000;USD;provisional;3;165.00;;
MQ-MART-ELEC;maquinaria;Martillo eléctrico de demolición de 5 kg, incluida amortización y consumo.;h;3.9000;USD;provisional;110;160.88;;
MT-MACHIH-MAD;materiales;Machihembrado de madera para divisiones y forros interiores.;m2;11.0000;USD;verificado-mercado;13;152.24;;
MT-PERFIL-REMATE;materiales;Perfil de aluminio o PVC para remate, esquinero y transición en enchapados.;m;2.6000;USD;provisional;68;151.06;;
MT-GROUT;materiales;Grout fluido de alta resistencia y retracción compensada, para nivelación de apoyos y relleno de placas base.;kg;2.2000;USD;verificado-mercado;5;145.20;;
MT-TABLERO-DIST;materiales;Tablero de distribución empotrable con barraje, para el número de circuitos de proyecto.;ud;48.0000;USD;verificado-mercado;3;144.00;;
MT-BOTIQUIN;materiales;Botiquín de primeros auxilios de obra, dotado y con reposición.;ud;35.0000;USD;verificado-mercado;6;143.50;;
MQ-SOLDADORA;maquinaria;Equipo de soldadura eléctrica por arco con sus accesorios, incluida amortización y consumo.;h;3.6000;USD;provisional;105;142.32;;
MT-PANEL-SAND;materiales;Panel sándwich aislado con núcleo de poliuretano para cubierta.;m2;22.0000;USD;provisional;6;139.26;;
MT-ARNES;materiales;Arnés de cuerpo completo con eslinga y absorbedor, para trabajo en altura.;ud;55.0000;USD;verificado-mercado;3;137.50;;
MT-BANDA-REF;materiales;Banda elástica de refuerzo para encuentros, esquinas y juntas en impermeabilizaciones.;m;2.8000;USD;provisional;46;134.26;;
MQ-MONTAC;maquinaria;Montacargas o pluma de obra para bajada de material desde plantas altas.;h;9.5000;USD;provisional;46;132.05;;
MT-PLO-PVC4;materiales;Tubería de PVC sanitario de 4 pulgadas para desagüe, con junta cementada.;m;2.8000;USD;verificado-mercado;32;131.40;;
MT-APEO;materiales;Puntal metálico telescópico y madera de apeo, con amortización por uso.;ud;2.2000;USD;verificado-mercado;54;130.91;;
MT-SUBESTRUCTURA;materiales;Subestructura de fachada ventilada en perfiles de aluminio, con anclajes y remates.;m2;18.0000;USD;provisional;7;130.50;;
MT-LAMINA-ZINC;materiales;Lámina metálica acanalada galvanizada o prepintada para cubierta.;m2;9.5000;USD;verificado-mercado;15;129.10;;
MT-CAJON-PERS;materiales;Cajón de persiana prefabricado aislado, con su tapa registrable.;m;18.0000;USD;provisional;8;128.70;;
MT-CANAL-DREN;materiales;Canal de drenaje lineal prefabricado con su rejilla.;m;22.0000;USD;provisional;6;127.38;;
MT-PINT-ANTICORR;materiales;Imprimación anticorrosiva de fondo para estructura metálica.;l;8.0000;USD;verificado-mercado;78;126.96;;
MT-CONS-DEM;materiales;Consumibles de demolición: puntas y cinceles de martillo, discos de corte y hojas de espátula.;ud;1.1000;USD;provisional;398;126.79;;
MT-MOR-FRISO;materiales;Mortero de friso para revestimiento de paramentos, elaborado en obra con cemento y arena cernida, dosificación 1:5.;m3;90.9520;USD;derivado;69;126.33;;
MT-TRAGANTE;materiales;Tragante, boquilla o sumidero de cubierta con su rejilla y guardahojas.;ud;14.0000;USD;provisional;9;126.00;;
MT-BARRA-APOYO;materiales;Barra de apoyo de acero inoxidable para accesibilidad en baño.;ud;28.0000;USD;verificado-mercado;5;123.20;;
MT-PYL-LANA;materiales;Panel de lana mineral de 60 mm para aislamiento térmico y acústico en cámara de tabique.;m2;3.6000;USD;provisional;33;121.54;;
MT-MOR-PEGA;materiales;Mortero de pega para mampostería, elaborado en obra con cemento y arena lavada, dosificación 1:4.;m3;99.9200;USD;derivado;99;112.64;;
MT-HERRAJE-MAD;materiales;Herraje o conector metálico galvanizado para uniones de estructura de madera.;ud;5.5000;USD;provisional;15;111.92;;
MT-EXTINTOR;materiales;Extintor portátil de polvo químico seco con su soporte y señalización.;ud;34.0000;USD;verificado-mercado;4;108.80;;
MT-PLO-ABASTO;materiales;Tubo de abasto flexible con sus racores y accesorios de conexión a aparato.;ud;3.2000;USD;verificado-mercado;22;108.80;;
MT-PLO-ACC4;materiales;Accesorios de PVC sanitario de 4 pulgadas: codos, yees, sifones y pegamento.;ud;2.9000;USD;verificado-mercado;31;108.75;;
MT-BARRA-TIERRA;materiales;Electrodo de puesta a tierra de cobre con su conector y caja de inspección.;ud;18.0000;USD;verificado-mercado;5;108.00;;
MT-CIERRA-PUERTA;materiales;Cierra-puertas hidráulico para puertas de tránsito, con brazo y regulación.;ud;35.0000;USD;provisional;3;105.00;;
MT-MANTO-ASF;materiales;Manto asfáltico prefabricado con armadura de poliéster, para impermeabilización de cubierta.;m2;5.6000;USD;verificado-mercado;16;100.24;;
MT-HERRAJE-CORRED;materiales;Herrajes de puerta corredera de madera o vidrio, con carros, guías y topes.;ud;18.0000;USD;provisional;6;99.00;;
MT-MADERA-PERGOLA;materiales;Viga y listón de madera tratada para pérgola exterior.;m;6.8000;USD;provisional;6;98.60;;
MT-DIFERENCIAL;materiales;Interruptor diferencial de alta sensibilidad para protección de personas.;ud;28.0000;USD;verificado-mercado;4;98.00;;
MT-ARENA;materiales;Arena lavada de río, puesta en obra, para camas de asiento y rellenos de zanja.;m3;22.0000;USD;verificado-mercado;13;96.98;;
MT-PYL-CANAL;materiales;Canal de acero galvanizado de 70 mm para arranque y remate de tabique autoportante.;m;1.7000;USD;verificado-mercado;47;96.98;;
MT-PLO-PPR20;materiales;Tubería de polipropileno PPR de 20 mm para agua fría y caliente, con termofusión.;m;1.5000;USD;verificado-mercado;25;96.12;;
MT-PYL-PLACA-HD;materiales;Placa de yeso laminado de alta dureza, de 12,5 mm, para paramentos interiores sometidos a impacto y zonas de tránsito.;m2;9.8000;USD;provisional;5;92.61;;
MT-PYL-PERF-CR;materiales;Perfilería de acero galvanizado para cielo raso suspendido: maestras, ángulo perimetral, horquillas y varilla de cuelgue.;m2;3.6000;USD;verificado-mercado;26;91.62;;
MT-ELECTRODO;materiales;Electrodo revestido para soldadura estructural por arco eléctrico.;kg;5.0000;USD;verificado-mercado;71;90.09;;
MT-TABLERO-PROV;materiales;Tablero eléctrico provisional de obra con interruptor diferencial y protecciones, amortizado por uso.;ud;45.0000;USD;verificado-mercado;2;90.00;;
MQ-SIERRA;maquinaria;Sierra circular o motosierra para corte de elementos de madera.;h;2.9000;USD;provisional;199;89.78;;
MT-TORN;materiales;Tornillería y fijaciones mecánicas para montaje de estructura y placas.;ud;0.0300;USD;provisional;154;88.53;;
MT-LANA-ROCA;materiales;Panel de lana de roca para aislamiento térmico y acústico y protección contra incendios.;m2;5.5000;USD;provisional;15;86.62;;
MT-CIELO-DESM;materiales;Panel de fibra mineral de 60x60 cm para cielo raso desmontable.;m2;13.5000;USD;verificado-mercado;6;85.19;;
MT-TORN-TECHO;materiales;Tornillo autoperforante con arandela de neopreno para fijación de láminas de cubierta.;ud;0.1800;USD;provisional;64;84.24;;
MT-ACC-BOMBA;materiales;Accesorios de conexión de bomba: uniones universales, manómetro, niples y soportes.;ud;28.0000;USD;provisional;2;84.00;;
MT-PYL-PLACA-RH;materiales;Placa de yeso laminado resistente a la humedad, de 12,5 mm, para áreas húmedas.;m2;11.3000;USD;verificado-mercado;5;83.17;;
MT-SAC-ESC;materiales;Saco de rafia de alta resistencia para retirada manual de escombro.;ud;0.6500;USD;provisional;235;78.69;;
MT-TRAMPA-GRASA;materiales;Trampa de grasa prefabricada con su tapa y conexiones.;ud;78.0000;USD;provisional;1;78.00;;
MT-TEJA-CRIOLLA;materiales;Teja criolla de arcilla cocida, tipo canal.;ud;0.6800;USD;verificado-mercado;7;77.52;;
MQ-ANDAMIO;maquinaria;Andamio tubular o de borriquetas para trabajos en altura, incluido montaje y desmontaje amortizados.;h;1.9000;USD;provisional;190;77.27;;
MT-PLO-DESAG;materiales;Accesorios de desagüe para aparato sanitario: sifón, brida, adaptadores y pegamento.;ud;5.4000;USD;provisional;18;76.14;;
MT-RESINA-INYEC;materiales;Resina de inyección para sellado de fisuras y filtraciones en muros y estructuras.;l;18.0000;USD;provisional;7;75.60;;
MT-LADRILLO-VISTO;materiales;Ladrillo caravista de arcilla para fachadas de ladrillo visto, con junta fina.;ud;0.3000;USD;provisional;5;74.40;;
MT-ELE-TUB20;materiales;Tubería conduit corrugada de PVC de 20 mm para canalización eléctrica empotrada.;m;0.6200;USD;verificado-mercado;18;73.94;;
MT-CABLE-DATOS;materiales;Cable de datos categoría 6 para redes y telecomunicaciones.;m;0.3000;USD;verificado-mercado;47;73.20;;
MT-PLO-LLAVE;materiales;Llave de paso de PPR de 20 mm, de esfera, para empotrar.;ud;4.5000;USD;verificado-mercado;17;72.90;;
MQ-OXICORTE;maquinaria;Equipo de oxicorte para desguace de estructuras y elementos metálicos.;h;4.8000;USD;provisional;48;72.64;;
MT-LADRILLO;materiales;Ladrillo macizo de arcilla cocida.;ud;0.2300;USD;verificado-mercado;5;70.84;;
MT-OXI-CONS;materiales;Consumibles de oxicorte y soldadura: gas, boquillas y discos de corte de metal.;ud;3.9000;USD;provisional;54;70.68;;
MT-ELE-MECA;materiales;Mecanismo de interruptor o tomacorriente con placa, gama estándar.;ud;3.2000;USD;verificado-mercado;20;70.40;;
MT-ANIME-ALIV;materiales;Bloque de poliestireno expandido de aliviano para losa nervada, de menor peso propio.;ud;1.6000;USD;provisional;8;69.44;;
MT-JUNTA-DILAT;materiales;Perfil de junta de dilatación para piso, con su elemento elástico.;m;5.2000;USD;provisional;17;69.42;;
MT-TORNILLO-EST;materiales;Tornillería estructural de alta resistencia con tuerca y arandelas.;ud;1.2000;USD;provisional;17;68.65;;
MT-CIELO-PVC;materiales;Lámina de PVC machihembrada para cielo raso, con sus perfiles de remate.;m2;16.0000;USD;verificado-mercado;4;68.00;;
MT-VIGA-APEO;materiales;Viga o durmiente de madera de reparto para apeos y apuntalamientos.;m;2.9000;USD;verificado-mercado;23;67.28;;
MT-MEMBRANA-PVC;materiales;Membrana impermeabilizante de PVC armado con poliéster, para cubiertas y terrazas.;m2;12.0000;USD;provisional;6;67.20;;
MT-CLAVOS;materiales;Clavos, tornillos y elementos de fijación de uso general en obra.;kg;2.6000;USD;verificado-mercado;94;66.17;;
MT-YESO-REP;materiales;Yeso o mortero de reparación para el tapado de rozas.;kg;0.5000;USD;verificado-mercado;57;65.78;;
MT-MICROCEM;materiales;Microcemento bicomponente con su resina y malla de refuerzo, para revestimiento continuo.;kg;5.5000;USD;verificado-mercado;4;64.90;;
MT-TUB-PPR25;materiales;Tubería de polipropileno PPR de 25 mm para montantes y alimentación principal.;m;2.8000;USD;verificado-mercado;9;62.83;;
MQ-VIBRADOR;maquinaria;Vibrador de aguja con motor, para compactación de concreto.;h;3.4000;USD;provisional;135;62.66;;
MT-CANAL-PVC;materiales;Canal de PVC o lámina galvanizada para recogida de aguas lluvias, con sus soportes.;m;7.8000;USD;provisional;8;62.09;;
MT-BLQ-10;materiales;Bloque de concreto hueco de 10x20x40 cm para tabiquería no estructural.;ud;0.4800;USD;verificado-mercado;10;59.14;;
MT-MOSQUITERO;materiales;Malla mosquitera con su bastidor de aluminio.;m2;7.5000;USD;provisional;8;58.95;;
MT-CIELO-METAL;materiales;Lámina metálica lineal o en bandeja para cielo raso, prelacada.;m2;14.0000;USD;provisional;4;58.94;;
MT-PASTA-YESO;materiales;Pasta de yeso para friso y enlucido de paramentos interiores.;kg;0.5200;USD;verificado-mercado;13;57.75;;
MT-PERF-DESM;materiales;Perfilería vista en T y ángulo perimetral, con tensores, para cielo raso desmontable.;m2;5.5000;USD;verificado-mercado;10;55.55;;
MT-PYL-PASTA;materiales;Pasta de juntas y cinta de papel microperforada para tratamiento de uniones.;kg;1.0500;USD;verificado-mercado;99;55.34;;
MT-PYL-PLACA-IG;materiales;Placa de yeso laminado resistente al fuego (tipo F), de 15 mm, para protección de instalaciones y estructura.;m2;10.5000;USD;provisional;4;55.12;;
MT-PLANCHA-ACERO;materiales;Plancha de acero para placas base, cartelas y conexiones.;kg;2.2000;USD;verificado-mercado;3;53.46;;
MT-ADH-C2TE;materiales;Adhesivo cementoso mejorado tipo C2 TE, de deslizamiento reducido y tiempo abierto ampliado, para colocación de porcelanato en capa fina.;kg;0.3200;USD;verificado-mercado;47;53.14;;
MT-MASTIC-CORTAFUEGO;materiales;Masilla o mortero intumescente para sellado cortafuego de pasos de instalaciones en muros y losas.;kg;6.5000;USD;provisional;14;51.67;;
MT-MALLA-JUNTA;materiales;Malla o banda de refuerzo para juntas entre materiales distintos y encuentros con estructura.;m;1.2000;USD;provisional;65;51.00;;
MT-MORT-AFIRM;materiales;Mortero de cemento y arena para afirmado y capas de nivelación de piso, elaborado en obra, dosificación 1:6.;m3;79.6700;USD;derivado;11;50.99;;
MT-BLOQUE-ALIV;materiales;Bloque de arcilla de aliviano para losa nervada.;ud;0.9500;USD;provisional;7;50.92;;
MT-GRAVILLA;materiales;Gravilla lavada de protección para cubiertas impermeabilizadas.;m3;24.0000;USD;verificado-mercado;21;50.52;;
MT-BLQ-EST-15;materiales;Bloque de concreto estructural de 15x20x40 cm, de resistencia certificada.;ud;0.8800;USD;verificado-mercado;5;50.16;;
MT-ADOQUIN;materiales;Adoquín de concreto para pavimento exterior, con su cama de arena.;m2;15.5000;USD;verificado-mercado;3;48.83;;
MT-ACRIL-IMPER;materiales;Impermeabilizante acrílico elastomérico de aplicación líquida, con su malla de refuerzo.;l;4.4000;USD;verificado-mercado;10;48.40;;
MT-SAN-FIJA;materiales;Kit de fijación de aparato sanitario: anclajes, anillo de cera y tornillería.;ud;4.8000;USD;provisional;13;48.00;;
MT-DINTEL-PREF;materiales;Dintel prefabricado de concreto armado para vanos de puerta y ventana.;m;6.5000;USD;provisional;7;47.77;;
MT-JUN-CG2;materiales;Mortero de juntas cementoso tipo CG2, de absorción reducida y resistencia elevada a la abrasión, en el color elegido.;kg;1.6000;USD;verificado-mercado;64;47.66;;
MT-VIDRIO-DECOR;materiales;Vidrio decorativo lacado, grabado o de color para revestimiento de pared.;m2;45.0000;USD;provisional;1;47.25;;
MT-ADH-PIEDRA;materiales;Adhesivo cementoso blanco de altas prestaciones, específico para piedra natural sensible a manchas.;kg;0.4600;USD;verificado-mercado;34;47.20;;
MQ-VOLQ;maquinaria;Camión volqueta de 6 m³ con chofer, para transporte de escombro a vertedero.;h;18.0000;USD;provisional;31;46.80;;
MQ-PERF-PILOTE;maquinaria;Equipo de perforación rotatoria para pilotes vaciados en sitio, con operador.;h;55.0000;USD;provisional;3;46.20;;
MT-AISL-TERM;materiales;Panel de aislamiento térmico de poliestireno o lana mineral para cubiertas y cielos.;m2;4.8000;USD;provisional;11;45.65;;
MT-SELLA-PASE;materiales;Kit de sellado de pase de tubería en impermeabilización, con collarín y masilla.;ud;4.6000;USD;provisional;17;43.93;;
MT-PIN-CAUCHO;materiales;Pintura de caucho acrílico mate lavable para interiores, base blanca tintable.;l;3.9500;USD;verificado-mercado;40;42.90;;
MT-PANEL-PVC-BANO;materiales;Panel de PVC o composite para revestimiento de paredes de baño, con sus perfiles.;m2;13.5000;USD;provisional;3;42.12;;
MT-POLIUREA;materiales;Membrana de poliurea de aplicación en caliente para impermeabilización y recubrimiento de alta resistencia.;kg;14.0000;USD;provisional;2;42.00;;
MQ-ATORN;maquinaria;Atornilladora eléctrica para placa de yeso laminado, incluida amortización y consumo.;h;1.4000;USD;provisional;162;40.67;;
MQ-BOMBA-CONC;maquinaria;Bomba de concreto con su operador, para vaciados de difícil acceso o gran volumen.;h;45.0000;USD;provisional;9;40.50;;
MT-STEELDECK;materiales;Lámina colaborante de acero galvanizado tipo steel deck para losa mixta.;m2;19.0000;USD;provisional;2;40.47;;
MQ-CORT-AGUA;maquinaria;Cortadora eléctrica de banco con disco de diamante y refrigeración por agua, incluida amortización y consumo.;h;3.2000;USD;provisional;91;40.34;;
MT-PIEDRA-FACHADA;materiales;Aplacado de piedra natural ligera para fachada ventilada, con fijación mecánica.;m2;38.0000;USD;provisional;1;39.90;;
MT-CUMBRERA;materiales;Pieza de cumbrera y remate para cubierta, del material de la cubierta.;m;6.4000;USD;provisional;8;39.17;;
MT-MOSAICO;materiales;Mosaico vítreo o cerámico en malla para revestimiento de paredes y superficies curvas.;m2;18.0000;USD;provisional;2;37.80;;
MT-BLQ-ARC-15;materiales;Bloque hueco de arcilla de 15x20x30 cm.;ud;0.5500;USD;verificado-mercado;5;37.40;;
MT-TUBO-DREN;materiales;Tubería de drenaje perforada corrugada con geotextil, para drenaje de trasdós de muro.;m;3.6000;USD;provisional;12;36.72;;
MT-MAT-PRESTAMO;materiales;Material granular seleccionado de préstamo, tipo granzón natural, puesto en obra para rellenos compactados.;m3;16.0000;USD;verificado-mercado;2;36.00;;
MT-PLO-ACC20;materiales;Accesorios de PPR de 20 mm: codos, tees, uniones y adaptadores roscados.;ud;0.8000;USD;verificado-mercado;17;34.88;;
MT-MANGUERA;materiales;Manguera reforzada para red de agua provisional de obra.;m;0.8500;USD;provisional;6;34.00;;
MT-QUIMICO-LIMP-AC;materiales;Producto químico espumante para limpieza de serpentines de climatización.;ud;8.5000;USD;provisional;5;34.00;;
MT-GEOTEXTIL;materiales;Geotextil no tejido para separación y filtro en drenajes y rellenos.;m2;1.1000;USD;provisional;25;33.72;;
MT-ESTRUCT-MESON;materiales;Estructura de soporte de mesón en perfil metálico o mampostería, con su base.;m;12.0000;USD;provisional;4;33.00;;
MT-PRESERV-MAD;materiales;Preservante fungicida e insecticida para protección de madera estructural.;l;6.4000;USD;provisional;32;32.70;;
MQ-DETECTOR;maquinaria;Detector electrónico de instalaciones empotradas, para localizar tuberías, cables y armaduras sin picar.;h;2.6000;USD;provisional;61;32.16;;
MT-VIGUETA;materiales;Vigueta prefabricada pretensada de concreto para losa de entrepiso.;m;8.5000;USD;provisional;3;31.88;;
MT-BLQ-EST-20;materiales;Bloque de concreto estructural de 20x20x40 cm, de resistencia certificada.;ud;1.1000;USD;verificado-mercado;3;31.46;;
MT-AISL-REFLECT;materiales;Manta reflectiva de doble burbuja con foil de aluminio, para aislamiento bajo techo.;m2;3.2000;USD;provisional;9;31.20;;
MT-MOLDURA-YESO;materiales;Moldura corrida de yeso o poliuretano para remates decorativos, con su pasta de agarre.;m;3.2000;USD;provisional;9;30.62;;
MT-PYL-PLACA;materiales;Placa de yeso laminado estándar de 15 mm de espesor, borde afinado.;m2;7.2000;USD;verificado-mercado;1;30.24;;
MT-LLAVE-PROV;materiales;Llave de paso, adaptadores y accesorios para punto de agua provisional.;ud;6.0000;USD;provisional;5;30.00;;
MT-BENTONITA;materiales;Geocompuesto de bentonita sódica para impermeabilización de muros enterrados y fundaciones.;m2;9.0000;USD;provisional;3;29.70;;
MT-PANEL-LIV;materiales;Panel liviano prefabricado de núcleo aligerado con caras de mortero, para tabiquería.;m2;14.0000;USD;provisional;2;29.54;;
MQ-MEZCL;maquinaria;Mezcladora de concreto y mortero de 1 saco, incluida amortización y combustible.;h;3.6000;USD;provisional;120;29.13;;
MT-CEMENTO;materiales;Cemento Portland gris tipo I, en saco.;kg;0.2250;USD;verificado-mercado;11;28.84;;
MT-REGISTRO;materiales;Tapa de registro practicable para cielo raso, con su marco.;ud;12.0000;USD;provisional;5;28.80;;
MT-TIMBRE;materiales;Timbre con su pulsador y transformador.;ud;14.0000;USD;provisional;2;28.00;;
MT-PLOT-REG;materiales;Pedestal regulable de polipropileno para piso flotante sobre cubierta.;ud;3.4000;USD;provisional;2;27.88;;
MT-BARNIZ-PISO;materiales;Barniz de poliuretano de alto tránsito para acabado de pisos de madera.;l;9.5000;USD;verificado-mercado;16;27.84;;
MQ-ROZAD;maquinaria;Rozadora eléctrica de doble disco de diamante con captación de polvo.;h;4.2000;USD;provisional;30;27.59;;
MT-BAJANTE-PVC;materiales;Bajante de PVC para aguas lluvias, con sus abrazaderas y codos.;m;5.2000;USD;provisional;5;27.35;;
MT-ASPERSOR;materiales;Aspersor o gotero con su conexión a la red de riego.;ud;8.5000;USD;provisional;7;27.20;;
MT-ESTUCO-VEN;materiales;Pasta de estuco veneciano a la cal, para acabado decorativo pulido.;kg;6.0000;USD;verificado-mercado;4;26.40;;
MQ-TELUROMETRO;maquinaria;Medidor de resistencia de puesta a tierra (telurómetro) con sus picas y cables de prueba.;h;12.0000;USD;provisional;2;25.20;;
MT-CURADOR;materiales;Curador químico de membrana para concreto, que retiene el agua de fraguado.;l;3.4000;USD;provisional;40;24.62;;
MT-BARANDA-PROV;materiales;Baranda provisional de borde con guardacuerpos, pasamanos y rodapié, amortizada por usos.;m;4.5000;USD;provisional;6;24.30;;
MT-LAMP-OBRA;materiales;Reflector o lámpara de obra con su portalámparas y protección, amortizado por uso.;ud;9.5000;USD;provisional;4;24.27;;
MT-MALLA-FACH;materiales;Malla de fibra de vidrio antiálcalis para refuerzo de revestimiento continuo de fachada (SATE).;m2;1.8000;USD;provisional;13;23.85;;
MT-GRANO-MARMOL;materiales;Grano de mármol seleccionado para granito vaciado en sitio.;kg;0.4500;USD;provisional;6;23.58;;
MT-SELLA-PIEDRA;materiales;Sellador hidrofugante y antimanchas para piedra natural y porcelanato poroso.;l;12.0000;USD;provisional;15;23.40;;
MT-FIBRA-NAT;materiales;Revestimiento de fibra natural tejida (sisal, yute, bambú) para paredes decorativas.;m2;22.0000;USD;provisional;1;23.10;;
MT-TEJA-ASF;materiales;Teja asfáltica en shingle con su fieltro base y clavos de fijación.;m2;10.5000;USD;verificado-mercado;2;22.79;;
MT-CORNISA;materiales;Perfil de cornisa para iluminación indirecta en cielo raso.;m;4.5000;USD;provisional;5;22.77;;
MT-DETECT-HUMO;materiales;Detector de humo autónomo o direccionable, con su base.;ud;22.0000;USD;provisional;1;22.00;;
MT-PIN-FONDO;materiales;Fondo fijador o sellador acrílico al agua, para consolidar y regular la absorción de paramentos interiores.;l;5.0000;USD;verificado-mercado;43;21.75;;
MT-RESINA-ACRIL;materiales;Resina acrílica decorativa para recubrimientos continuos de paredes y pisos.;kg;9.0000;USD;provisional;4;21.60;;
MT-PIN-ESMALTE;materiales;Esmalte sintético brillante para carpintería metálica y de madera.;l;7.4000;USD;verificado-mercado;14;21.53;;
MT-LIMP-QUIM;materiales;Limpiador químico específico para fachadas, según el tipo de soporte y de mancha.;l;9.4000;USD;provisional;10;21.34;;
MT-LAMINA-DREN;materiales;Lámina drenante nodular de polietileno para protección y drenaje de muros enterrados.;m2;6.5000;USD;provisional;3;20.48;;
MT-IMPRIM-ASF;materiales;Imprimación asfáltica de base solvente, como puente de adherencia del manto.;l;4.2000;USD;verificado-mercado;18;20.33;;
MT-AUT-NIV;materiales;Mortero autonivelante de base cemento para regularización de soportes interiores.;kg;1.5500;USD;verificado-mercado;4;20.15;;
MT-SOPORTE-ANTIVIB;materiales;Soporte antivibratorio de neopreno (silent block) para aislar equipos de bombas, compresores y maquinaria, con su tornillería.;ud;5.0000;USD;provisional;1;20.00;;
MT-BLQ-20;materiales;Bloque de concreto hueco de 20x20x40 cm.;ud;0.7800;USD;verificado-mercado;2;19.81;;
MQ-ASPIR;maquinaria;Aspirador industrial con filtro de polvo fino para limpieza de soporte y control de polvo.;h;2.1000;USD;provisional;91;19.66;;
MT-CINTA-LED;materiales;Cinta LED con su fuente de alimentación y perfil de aluminio disipador.;m;6.2000;USD;provisional;3;19.53;;
MT-CONC-180;materiales;Concreto premezclado de resistencia 180 kg/cm2, puesto en obra.;m3;95.0000;USD;verificado-mercado;4;19.48;;
MT-MALLA-OBRA;materiales;Malla plástica de señalización para cerramiento perimetral y delimitación de zonas de obra.;m2;0.9000;USD;provisional;20;19.44;;
MQ-PULIDORA;maquinaria;Pulidora y abrillantadora de piedra natural con aporte de agua.;h;4.5000;USD;provisional;16;19.17;;
MT-MADERA-ENTIB;materiales;Tablón y puntal de madera para entibado de zanja, con amortización por número de usos.;m2;3.4000;USD;provisional;5;18.02;;
MT-POLIURETANO-PISO;materiales;Recubrimiento de poliuretano bicomponente para piso, con resistencia a la abrasión.;kg;12.0000;USD;provisional;2;18.00;;
MT-MORT-EST;materiales;Mortero de pega de resistencia controlada para mampostería estructural, elaborado en obra, dosificación 1:3.;m3;123.6020;USD;derivado;5;17.24;;
MT-ANCLA-PIEDRA;materiales;Anclaje metálico de acero inoxidable para fijación mecánica de piezas de piedra natural.;ud;1.3000;USD;provisional;3;17.16;;
MT-PERFIL-TRANS;materiales;Perfil de transición de aluminio entre pisos de distinto material o nivel.;m;3.8000;USD;provisional;5;17.10;;
MQ-ESMERIL;maquinaria;Esmeriladora y cepillo de púas para limpieza y preparación de superficies metálicas.;h;2.3000;USD;provisional;40;17.08;;
MQ-RODILLO;maquinaria;Equipo de aplicación de pintura: rodillos, brochas, cubetas y andamio bajo.;h;0.9000;USD;provisional;151;16.89;;
MT-CONS-PULIDO;materiales;Consumibles de pulido y abrillantado: discos diamantados, abrasivos y cristalizador.;m2;2.4000;USD;provisional;14;16.20;;
MT-BLQ-ARC-10;materiales;Bloque hueco de arcilla de 10x20x30 cm.;ud;0.3800;USD;verificado-mercado;3;16.11;;
MT-PINT-TRAFICO;materiales;Pintura de tráfico para demarcación de pisos y estacionamientos.;l;9.2000;USD;verificado-mercado;8;15.46;;
MT-GAS-REFRIG;materiales;Gas refrigerante para carga de equipos de climatización.;kg;18.0000;USD;verificado-mercado;2;15.30;;
MQ-AMOLA;maquinaria;Amoladora angular con disco de diamante, para corte perimetral y de juntas.;h;2.4000;USD;provisional;50;15.18;;
MT-PIN-IGNFUGA;materiales;Pintura intumescente ignífuga para protección de estructura metálica y madera.;l;12.0000;USD;provisional;3;15.00;;
MQ-RECUP-GAS;maquinaria;Equipo de recuperación de gas refrigerante y bomba de vacío para climatización.;h;6.5000;USD;provisional;7;14.95;;
MT-CINTA-ANTIDES;materiales;Cinta o perfil antideslizante para narices de peldaño.;m;4.6000;USD;provisional;5;14.95;;
MT-LINEA-VIDA;materiales;Línea de vida horizontal con sus anclajes y absorbedor de energía.;m;6.2000;USD;provisional;3;14.88;;
MT-RED-SEG;materiales;Red de seguridad de poliamida con sus cuerdas de atado, amortizada por usos.;m2;2.8000;USD;provisional;5;14.87;;
MT-ADH-MADERA;materiales;Adhesivo de poliuretano para encolado de parquet y madera sobre afirmado.;kg;3.4000;USD;provisional;5;14.79;;
MT-PROT-OBRA;materiales;Protección de obra con plástico, cartón corrugado y cinta de enmascarar.;m2;0.3500;USD;verificado-mercado;86;14.29;;
MT-CANON;materiales;Canon de vertido en vertedero o botadero autorizado.;m3;3.5000;USD;provisional;4;14.00;;
MT-PERFIL-CORTINERO;materiales;Riel de cortinero con sus soportes y accesorios.;m;7.4000;USD;provisional;2;13.69;;
MT-LACA-MADERA;materiales;Laca nitrocelulósica o al agua para acabado de carpintería interior de madera.;l;8.0000;USD;provisional;7;13.52;;
MT-BLQ-12;materiales;Bloque de concreto hueco de 12x20x40 cm.;ud;0.5200;USD;verificado-mercado;2;13.21;;
MQ-LIJAD;maquinaria;Lijadora de pared con aspiración para acabado de juntas.;h;2.1000;USD;provisional;60;12.96;;
MT-ESTUCO-FINO;materiales;Pasta de acabado fino para estucado y alisado de paramentos interiores.;kg;1.4500;USD;verificado-mercado;6;12.76;;
MT-POLIET;materiales;Lámina de polietileno de alta densidad como barrera de vapor bajo losas de piso.;m2;0.6500;USD;provisional;18;12.59;;
MT-SELLA-BENTONITA;materiales;Cordón de bentonita expansiva para sellado de juntas de hormigonado y pasos.;m;4.0000;USD;provisional;3;12.40;;
MT-GRAMA;materiales;Grama en panes o alfombra, puesta en obra.;m2;3.2000;USD;provisional;4;12.03;;
MT-PIN-LIJA;materiales;Lija, cinta de enmascarar y plástico de protección. Consumibles de preparación y protección.;ud;0.8500;USD;provisional;86;11.97;;
MT-CINTA-ENM;materiales;Rollo de cinta de enmascarar y cinta adhesiva de embalaje para fijación de protecciones.;ud;1.2000;USD;provisional;57;11.92;;
MT-GROUT-CELDA;materiales;Concreto fluido de relleno de celdas para mampostería estructural.;m3;126.0000;USD;verificado-mercado;4;11.84;;
MT-TUB-RIEGO;materiales;Tubería de polietileno y accesorios para red de riego.;m;1.6000;USD;provisional;8;11.78;;
MT-TIERRA-ABON;materiales;Tierra abonada y sustrato para jardinería.;m3;28.0000;USD;provisional;12;11.62;;
MT-MANTA-ACUS;materiales;Manta acústica de polietileno reticulado para piso laminado flotante.;m2;1.3000;USD;provisional;7;11.22;;
MT-CANON-TIERRA;materiales;Canon de vertido de tierra y material de excavación en botadero autorizado.;m3;2.8000;USD;provisional;4;11.20;;
MT-ADH-VINIL;materiales;Adhesivo acrílico para revestimientos flexibles de piso, vinílico y linóleo.;kg;2.8000;USD;provisional;11;10.75;;
MT-IMPERM-ASF;materiales;Impermeabilizante asfáltico en emulsión para protección de fundaciones y trasdós de muros.;l;4.5000;USD;provisional;2;10.57;;
MT-HIDROFUGO;materiales;Aditivo hidrófugo de masa para morteros de friso en exteriores y áreas húmedas.;l;4.2000;USD;provisional;14;10.33;;
MT-PASIVANTE;materiales;Recubrimiento pasivante de base cementosa con inhibidor, para protección de acero de refuerzo corroído.;l;9.8000;USD;provisional;5;10.29;;
MT-CONECTOR-CORTE;materiales;Conector de cortante soldable para losa mixta sobre estructura metálica.;ud;1.4000;USD;provisional;2;9.80;;
MQ-HIDROLAV;maquinaria;Hidrolavadora de presión para limpieza de fachadas, pisos y acabados.;h;4.2000;USD;provisional;28;9.62;;
MT-ANCLA-MURO;materiales;Conector o anclaje metálico de amarre de pared a estructura de concreto.;ud;0.6500;USD;provisional;10;9.39;;
MT-PYL-BANDA;materiales;Banda estanca autoadhesiva de polietileno para junta perimetral de tabique.;m;0.4200;USD;provisional;18;9.37;;
MT-CRU-NIV;materiales;Sistema de crucetas y cuñas niveladoras de un solo uso para colocación de baldosa.;ud;0.0900;USD;provisional;20;9.09;;
MT-ANTI-GRAFFITI;materiales;Protector anti-graffiti para superficies pintadas, que facilita la limpieza de pintadas.;l;14.0000;USD;provisional;4;8.96;;
MT-REFUERZO-PYL;materiales;Refuerzo interior de madera o perfil metálico para anclaje de cargas en tabique de yeso laminado.;m;3.2000;USD;provisional;3;8.96;;
MT-SELLA-FISURA;materiales;Sellador elástico de fisuras en base a poliuretano o acrílico para exteriores.;kg;4.8000;USD;provisional;5;8.50;;
MT-ADITIVO;materiales;Aditivo plastificante y reductor de agua para concreto.;l;3.2000;USD;provisional;5;8.45;;
MT-BARRERA-ANTICAP;materiales;Barrera anticapilaridad de lámina bituminosa o de polietileno para muros.;m;3.2000;USD;provisional;3;7.52;;
MT-DESMOLD;materiales;Desmoldeante para encofrados, que facilita el desencofrado y protege la madera.;l;2.8000;USD;provisional;45;7.28;;
MT-MALLA-ESQ;materiales;Cantonera metálica de esquina y malla de refuerzo para encuentros de friso.;m;0.7000;USD;provisional;17;7.14;;
MQ-BOMBA-ACHI;maquinaria;Bomba sumergible de achique con manguera de descarga, para agotamiento de excavaciones.;h;2.4000;USD;provisional;7;6.96;;
MQ-BATID;maquinaria;Batidora mezcladora eléctrica de doble varilla para amasado de morteros y adhesivos.;h;1.6000;USD;provisional;60;6.80;;
MT-ENDURECEDOR;materiales;Endurecedor superficial de cuarzo y cemento para pisos de concreto de alto tránsito.;kg;0.8500;USD;provisional;2;6.80;;
MT-ESCALERILLA;materiales;Escalerilla o junta de refuerzo horizontal para mampostería.;m;1.1500;USD;provisional;7;6.79;;
MT-HIDROFUG-FACH;materiales;Hidrofugante incoloro de impregnación para protección de fachadas.;l;8.6000;USD;provisional;4;6.36;;
MQ-TERMOF;maquinaria;Termofusora para tubería de polipropileno PPR, incluida amortización.;h;1.8000;USD;provisional;23;6.35;;
MT-CUARZO-COLOR;materiales;Árido de cuarzo coloreado para recubrimientos decorativos antideslizantes.;kg;1.2000;USD;provisional;3;6.00;;
MQ-NIVEL-LASER;maquinaria;Nivel láser autonivelante y equipo de medición para replanteo.;h;2.2000;USD;provisional;41;5.92;;
MT-ALAMBRE;materiales;Alambre recocido para amarre de acero de refuerzo.;kg;1.9000;USD;verificado-mercado;49;5.84;;
MT-DECAP;materiales;Decapante químico en gel para eliminación de capas de pintura en paramentos.;l;6.5000;USD;provisional;3;5.72;;
MT-DESMOLD-COLOR;materiales;Desmoldeante en polvo con pigmento para concreto estampado.;kg;3.6000;USD;provisional;5;5.58;;
MQ-PLANCHA-COMP;maquinaria;Plancha compactadora vibratoria, para compactación de superficies y bases.;h;3.8000;USD;provisional;20;5.49;;
MT-PIN-MASILLA;materiales;Masilla de reparación en pasta para alisado de paramentos interiores.;kg;1.5000;USD;verificado-mercado;16;5.34;;
MQ-PROYECT-MORT;maquinaria;Máquina de proyección de mortero y pasta de yeso, con su compresor y mangueras.;h;6.8000;USD;provisional;9;5.30;;
MT-PROT-CARTON;materiales;Cartón corrugado en rollo para protección de pisos y superficies terminadas durante la obra.;m2;0.4500;USD;provisional;8;5.28;;
MT-SILOXANO;materiales;Hidrofugante a base de siloxano para fachadas, permeable al vapor de agua.;l;13.0000;USD;provisional;2;5.20;;
MT-ZIPPER;materiales;Cierre tipo cremallera autoadhesivo para paso de personal a través de barrera antipolvo.;ud;3.8000;USD;provisional;2;5.13;;
MT-SELLA-CONC;materiales;Sellador acrílico de protección y realce para pisos de concreto y estampados.;l;6.4000;USD;provisional;4;4.99;;
MQ-INYECTORA;maquinaria;Equipo de inyección de resinas a baja presión, con sus boquillas y mangueras.;h;4.2000;USD;provisional;9;4.91;;
MT-MALLA-DREN;materiales;Geocompuesto drenante con malla y núcleo para drenaje de cubiertas y muros.;m2;2.2000;USD;provisional;2;4.84;;
MT-ADH-C1;materiales;Adhesivo cementoso normal tipo C1, color gris, para colocación de cerámica en capa fina.;kg;0.2400;USD;verificado-mercado;5;4.80;;
MT-PYL-PASTA-AGARRE;materiales;Pasta de agarre de base yeso para fijación de placa de yeso laminado directamente al paramento en trasdosado directo.;kg;0.4000;USD;provisional;3;4.80;;
MQ-CIZALLA;maquinaria;Cizalla y dobladora de cabillas, incluida su amortización.;h;2.1000;USD;provisional;45;4.77;;
MT-IMP-PRIM;materiales;Imprimación tapaporos de resinas acrílicas en dispersión acuosa, para regular la absorción del soporte.;l;3.8000;USD;provisional;6;4.67;;
MT-PEGA-MURAL;materiales;Pegamento mural para papel tapiz y revestimientos textiles.;kg;3.1000;USD;provisional;4;4.59;;
MT-PROT-PLAST;materiales;Lámina de polietileno para protección de mobiliario, cerramiento de ambientes y barreras antipolvo.;m2;0.2800;USD;provisional;18;4.50;;
MT-FUNGICIDA;materiales;Solución fungicida y algicida para tratamiento de moho y verdín en fachadas.;l;6.2000;USD;provisional;6;4.22;;
MT-PIN-MAGNETICA;materiales;Pintura magnética de base para paredes sobre las que se quiere fijar imanes.;l;14.0000;USD;provisional;1;4.20;;
MT-LASUR;materiales;Lasur o protector decorativo para madera exterior que deja ver la veta.;l;9.5000;USD;provisional;2;4.18;;
MT-AGUA-OBRA;materiales;Agua para amasado, humectación de rellenos y compactación.;m3;1.6000;USD;provisional;27;3.97;;
MQ-COMPACT-SALTO;maquinaria;Compactador vibratorio de impacto tipo canguro, para compactación de zanjas y espacios reducidos.;h;4.5000;USD;provisional;10;3.96;;
MT-BARNIZ-MARINO;materiales;Barniz marino o de exterior de alta resistencia para madera expuesta a la intemperie.;l;11.0000;USD;provisional;2;3.96;;
MT-PIN-SEMIBRILLO;materiales;Pintura de caucho semibrillo lavable para interiores de alto tránsito y escuelas.;l;4.6000;USD;provisional;4;3.63;;
MQ-LIJAD-PISO;maquinaria;Lijadora de banda y orilladora para pisos de madera, con aspiración.;h;6.5000;USD;provisional;3;3.58;;
MT-CONS-LIMP;materiales;Consumibles de limpieza final: detergentes, desincrustantes, paños y bolsas.;m2;0.3500;USD;provisional;35;3.33;;
MT-PLATINA-DIV;materiales;Platina divisoria de aluminio o bronce para juntas de granito vaciado en sitio.;m;2.1000;USD;provisional;1;2.94;;
MQ-ALISADORA;maquinaria;Alisadora mecánica de concreto tipo helicóptero, para acabado de losas.;h;5.2000;USD;provisional;9;2.83;;
MT-SEPARADOR;materiales;Separador plástico o de mortero para garantizar el recubrimiento del acero de refuerzo.;ud;0.0800;USD;provisional;37;2.18;;
MT-DISOL-ADH;materiales;Disolvente removedor de adhesivos para levantado de pisos vinílicos y alfombras.;l;5.2000;USD;provisional;4;1.98;;
MT-PIN-TIZA;materiales;Pintura de pizarra efecto tiza, lavable, para paredes de uso escolar, infantil o de oficina.;l;9.0000;USD;provisional;1;1.98;;
MQ-DOBLAD-TUBO;maquinaria;Dobladora y abocardadora de tubería de cobre para climatización y gas.;h;2.6000;USD;provisional;4;1.77;;
MT-ESMALTE-AGUA;materiales;Esmalte al agua satinado para carpintería interior de madera y metal.;l;6.5000;USD;provisional;1;1.43;;
MT-PIN-ANTIMOHO;materiales;Pintura acrílica antihongos y antimoho para interiores de cocinas, baños y locales con condensación.;l;5.5000;USD;provisional;1;1.43;;
MT-PER-BANDA;materiales;Banda perimetral de polietileno expandido de 10 mm para desolidarizar el afirmado de los paramentos.;m;0.5500;USD;provisional;3;1.38;;
MQ-ESTAMP;maquinaria;Juego de moldes estampadores y rodillos para concreto impreso.;h;4.8000;USD;provisional;2;1.20;;
MT-TINTE-MAD;materiales;Tinte o colorante para madera, de base al agua o al disolvente.;l;7.5000;USD;provisional;1;1.12;;
MQ-VENT-SUC;maquinaria;Juego de ventosas de elevación para manipulación de piezas de gran formato.;h;2.8000;USD;provisional;3;1.01;;
MT-PIN-CAL;materiales;Cal hidratada para pintura mineral interior de sótanos, depósitos y paramentos transpirables.;kg;1.8000;USD;provisional;1;0.90;;
MT-VAPOR;materiales;Solución humectante para reblandecimiento de papel tapiz y pegamentos murales.;l;2.4000;USD;provisional;2;0.77;;
MQ-DESBROZ;maquinaria;Desbrozadora de motor con hilo y disco, para limpieza de vegetación.;h;2.7000;USD;provisional;9;0.69;;
MT-ALARMA;materiales;Central de alarma con teclado, sensores y sirena, para protección perimetral e interior.;ud;150.0000;USD;provisional;0;0.00;;
MT-AUTOM-PORTON;materiales;Motor y automatismo para portón corredizo o batiente, con mandos y finales de carrera.;ud;180.0000;USD;provisional;0;0.00;;
MT-BATERIA;materiales;Batería de ciclo profundo para sistema de respaldo eléctrico, de plomo-ácido o litio.;ud;220.0000;USD;provisional;0;0.00;;
MT-BOMBA-AGUA;materiales;Bomba centrífuga de agua para suministro doméstico, con su control y accesorios de conexión.;ud;160.0000;USD;provisional;0;0.00;;
MT-CAMARA-CCTV;materiales;Cámara de video vigilancia CCTV, con su soporte y cable de conexión.;ud;85.0000;USD;provisional;0;0.00;;
MT-CONT-DESCARGAS;materiales;Contador de descargas con su mando de comprobación, intercalado en la bajante del sistema de protección.;ud;45.0000;USD;provisional;0;0.00;;
MT-DOM-ACTUADOR;materiales;Módulo de actuación on/off (relé) para control de circuitos de iluminación y cargas, montaje en carril o empotrado.;ud;40.0000;USD;provisional;0;0.00;;
MT-DOM-CENTRAL;materiales;Central domótica o controlador principal, con su fuente de alimentación y el software de configuración. El precio no incluye los módulos de actuación ni los sensores periféricos.;ud;180.0000;USD;provisional;0;0.00;;
MT-DOM-DIMMER;materiales;Módulo regulador (dimmer) para atenuación de iluminación, compatible con la central domótica.;ud;45.0000;USD;provisional;0;0.00;;
MT-DOM-ENCHUFE;materiales;Módulo de enchufe inteligente para medición y control on/off de cargas enchufables.;ud;28.0000;USD;provisional;0;0.00;;
MT-DOM-PANEL;materiales;Panel táctil de pared para control y visualización del sistema domótico, con su caja de empotrar.;ud;90.0000;USD;provisional;0;0.00;;
MT-DOM-PASARELA;materiales;Pasarela de comunicación que integra protocolos de distintos fabricantes (Zigbee, Z-Wave, WiFi, bus cableado) con la central domótica.;ud;90.0000;USD;provisional;0;0.00;;
MT-DOM-PERSIANA;materiales;Módulo de control de persiana, cortina o toldo motorizado, con detección de final de carrera.;ud;48.0000;USD;provisional;0;0.00;;
MT-DOM-REPETIDOR;materiales;Repetidor o extensor de señal inalámbrica para ampliar la cobertura de la red domótica.;ud;45.0000;USD;provisional;0;0.00;;
MT-DOM-SENSOR-GAS;materiales;Detector de gas doméstico con alarma local y comunicación a la central domótica.;ud;30.0000;USD;provisional;0;0.00;;
MT-DOM-SENSOR-INUND;materiales;Detector de inundación o fuga de agua por contacto, con aviso a la central domótica.;ud;20.0000;USD;provisional;0;0.00;;
MT-DOM-SENSOR-LUZ;materiales;Sensor de nivel de luz para automatización de iluminación y persianas.;ud;22.0000;USD;provisional;0;0.00;;
MT-DOM-SENSOR-MOV;materiales;Sensor de movimiento o presencia para iluminación y alarmas, con su soporte de montaje.;ud;25.0000;USD;provisional;0;0.00;;
MT-DOM-SENSOR-PUERTA;materiales;Sensor magnético de apertura para puertas y ventanas, con su emisor y su soporte de montaje.;ud;18.0000;USD;provisional;0;0.00;;
MT-DOM-SENSOR-TEMP;materiales;Sensor de temperatura y humedad ambiente con comunicación a la central domótica.;ud;22.0000;USD;provisional;0;0.00;;
MT-DOM-TECLADO;materiales;Teclado o pulsador de escenas para activación directa de ambientes preconfigurados.;ud;35.0000;USD;provisional;0;0.00;;
MT-DOM-TERMOSTATO;materiales;Termostato inteligente para control de climatización, con programación horaria y comunicación a la central domótica.;ud;55.0000;USD;provisional;0;0.00;;
MT-DPS-1;materiales;Protector contra sobretensiones transitorias tipo 1 (clase I), para montaje en el tablero principal o la acometida.;ud;85.0000;USD;provisional;0;0.00;;
MT-DPS-2;materiales;Protector contra sobretensiones transitorias tipo 2 (clase II), para montaje en tablero secundario de distribución.;ud;45.0000;USD;provisional;0;0.00;;
MT-DPS-3;materiales;Protector contra sobretensiones tipo 3 (clase III), supresor para equipos electrónicos sensibles.;ud;25.0000;USD;provisional;0;0.00;;
MT-DPS-DATOS;materiales;Protector contra sobretensiones para línea de datos y telecomunicaciones, con su conexión a tierra.;ud;30.0000;USD;provisional;0;0.00;;
MT-HIDRONEUMATICO;materiales;Sistema hidroneumático con tanque de presión, bomba y control, para presión constante de agua.;ud;240.0000;USD;provisional;0;0.00;;
MT-INVERSOR;materiales;Inversor de corriente para sistema de respaldo, con su control de carga.;ud;280.0000;USD;provisional;0;0.00;;
MT-PANEL-SOLAR;materiales;Panel fotovoltaico para generación de energía, con su estructura de fijación.;ud;180.0000;USD;provisional;0;0.00;;
MT-PARARRAYOS-PDA;materiales;Pararrayos con dispositivo de cebado (PDA), con su cabeza captadora, mástil de acero galvanizado y piezas de fijación y conexión. El precio no incluye el mástil de gran altura ni la estructura de soporte sobre cubierta.;ud;380.0000;USD;provisional;0;0.00;;
MT-PARARRAYOS-PUNTA;materiales;Pararrayos tipo Franklin de punta simple, con su soporte corto y piezas de conexión a la bajante.;ud;65.0000;USD;provisional;0;0.00;;
MT-PLANTA-ELEC;materiales;Planta eléctrica de respaldo con motor diésel o gasolina y tablero de arranque, para suministro de emergencia.;ud;1200.0000;USD;provisional;0;0.00;;
MO-AYU;mano_obra;Ayudante.;h;3.5000;USD;confirmado;2922;4890.81;;
MO-OF1-MON;mano_obra;Oficial de 1ª montador de prefabricados interiores.;h;5.5000;USD;confirmado;319;3280.91;;
MO-OF1-ALB;mano_obra;Oficial de 1ª albañil.;h;5.5000;USD;confirmado;881;2650.46;;
MO-OF1-ELE;mano_obra;Oficial de 1ª electricista.;h;5.5000;USD;confirmado;405;2096.79;;
MO-OF1-CARPM;mano_obra;Oficial de 1ª carpintero de madera estructural.;h;5.5000;USD;confirmado;209;1378.63;;
MO-OF1-PLO;mano_obra;Oficial de 1ª plomero.;h;5.5000;USD;confirmado;218;964.98;;
MO-AYU-ESP;mano_obra;Ayudante especializado.;h;4.0000;USD;confirmado;409;747.02;;
MO-OF1-SOLD;mano_obra;Oficial de 1ª soldador.;h;5.5000;USD;confirmado;127;742.34;;
MO-OF1-AC;mano_obra;Oficial de 1ª técnico en refrigeración y climatización.;h;5.5000;USD;confirmado;94;622.54;;
MO-OF1-VIDR;mano_obra;Oficial de 1ª vidriero.;h;5.5000;USD;confirmado;92;462.00;;
MO-OF1-PIN;mano_obra;Oficial de 1ª pintor.;h;5.5000;USD;confirmado;159;262.57;;
MO-OF1-ALI;mano_obra;Oficial de 1ª alicatador.;h;5.5000;USD;confirmado;53;187.55;;
MO-OF1-PISO;mano_obra;Oficial de 1ª colocador de pisos.;h;5.5000;USD;confirmado;63;158.90;;
MO-OF1-CARP;mano_obra;Oficial de 1ª carpintero de obra (encofrador).;h;5.5000;USD;confirmado;39;132.66;;
MO-OF1-CAB;mano_obra;Oficial de 1ª cabillero (armador de acero de refuerzo).;h;5.5000;USD;confirmado;48;47.89;;
MO-OF1-JARD;mano_obra;Oficial de 1ª jardinero.;h;5.5000;USD;confirmado;24;39.10;;
MO-OF1;mano_obra;Oficial de 1ª.;h;5.5000;USD;confirmado;0;0.00;;
